podcast_id,title,slug,rss_url,treated
5063779,"""Moment of Zen""",moment_of_zen,https://feeds.megaphone.fm/RINTP4155988644,0
682974,"""YOUR WELCOME"" with Michael Malice",your_welcome_with_michael_malice,https://rss.art19.com/your-welcome-pod,0
201666,Academy of Ideas,academy_of_ideas,https://feed.podbean.com/instituteofideas1/feed.xml,0
494813,Acton Line,acton_line,https://feeds.megaphone.fm/ILO8557513643,0
1287501,Amala Ekpunobi,amala_ekpunobi,https://anchor.fm/s/dbcb4068/podcast/rss,0
1937465,Aporia Podcast,aporia_podcast,https://anchor.fm/s/5ca52a24/podcast/rss,0
1135480,Ask Dr. Drew,ask_dr_drew,https://feeds.megaphone.fm/DRPI5481918824,0
584048,Astral Codex Ten Podcast,astral_codex_ten_podcast,https://rss.libsyn.com/shows/108018/destinations/586545.xml,0
1011321,Bannon`s War Room,bannon_s_war_room,https://listen.warroom.org/feed.xml,0
5334542,Based Camp | Simone & Malcolm Collins,based_camp_simone_malcolm_collins,https://api.substack.com/feed/podcast/1643534/s/64409.rss,0
759505,Best of News Talk 590 WVLK AM,best_of_news_talk_590_wvlk_am,https://www.omnycontent.com/d/playlist/a7b0bd27-d748-4fbe-ab3b-a6fa0049bcf6/e8c4f37d-70bd-427e-ae8e-a98f01046408/a43218f3-ad13-45f5-b69f-a98f0104a220/podcast.rss,0
1095914,Blocked and Reported,blocked_and_reported,https://api.substack.com/feed/podcast/500230.rss,0
3674584,Bo Snerdley's Rush Hour,bo_snerdley_s_rush_hour,https://feeds.megaphone.fm/WABC9890818811,0
1137095,Bold and Blunt,bold_and_blunt,https://rss.libsyn.com/shows/236003/destinations/1750748.xml,0
763158,Books of Titans Podcast,books_of_titans_podcast,https://api.substack.com/feed/podcast/2607925.rss,0
1170277,Brain in a Vat,brain_in_a_vat,https://anchor.fm/s/1e12c4c4/podcast/rss,0
1630886,Break the Rules,break_the_rules,https://feeds.captivate.fm/breaktherules/,0
dd_4,Brian Kilmeade Show,brian_kilmeade_show,https://feeds.feedburner.com/bnj,0
49733,CATS Roundtable,cats_roundtable,https://www.spreaker.com/show/1807916/episodes/feed,0
1454889,Calmversations,calmversations,https://anchor.fm/s/8490860/podcast/rss,0
41098,Catholic Answers Live,catholic_answers_live,https://www.catholic.com/radio/podcast/podcast,0
3751033,Cats & Cosby with John Catsimatidis and Rita Cosby,cats_cosby_with_john_catsimatidis_and_rita_cosby,https://feeds.megaphone.fm/WABC6134252879,0
1260588,Chatting with Candice,chatting_with_candice,https://anchor.fm/s/f9f9e134/podcast/rss,0
82918,Chicago's Morning Answer with Dan Proft,chicago_s_morning_answer_with_dan_proft,https://www.omnycontent.com/d/playlist/5e27a451-e6e6-4c51-aa03-a7370003783c/965232f6-a0c3-4a3b-abd4-a81c00591618/694d2861-ec7d-4388-8928-a81c00591621/podcast.rss,0
1064977,Chrissie Mayr Podcast,chrissie_mayr_podcast,https://chrissiemayr.libsyn.com/rss,0
1576154,Citizen Podcast,citizen_podcast,https://feeds.redcircle.com/0f89bf7f-5253-44df-811e-5dc5de55f73a,0
76364,City Journal Audio,city_journal_audio,https://10blocks.libsyn.com/rss,0
730117,Coffee and a Mike,coffee_and_a_mike,https://rss.libsyn.com/shows/131060/destinations/797488.xml,0
40484,Columbia Energy Exchange,columbia_energy_exchange,https://columbiaenergyexchange.libsyn.com/rss,0
4722528,Common Sense with Dr. Ben Carson,common_sense_with_dr_ben_carson,https://rss.art19.com/common-sense-with-dr-ben-carson,0
98656,Conservative Review with Daniel Horowitz,conservative_review_with_daniel_horowitz,https://feeds.megaphone.fm/BMDC8713803568,0
1658681,Converging Dialogues,converging_dialogues,https://api.substack.com/feed/podcast/1171549.rss,0
769339,Conversations That Matter,conversations_that_matter,https://feeds.redcircle.com/e18afe1d-2683-4c3c-836f-e1a71089f682,0
2508286,Conversations: Special Guests with Preston Scott,conversations_special_guests_with_preston_scott,https://www.spreaker.com/show/3403436/episodes/feed,0
1304313,Core Principles,core_principles,https://rss.buzzsprout.com/1146671.rss,0
916916,Crossroads with Joshua Philipp,crossroads_with_joshua_philipp,https://feeds.captivate.fm/crossroadset/,0
823310,Cultish,cultish,https://feeds.simplecast.com/tf4qNLRl,0
1178522,Culture Apothecary with Alex Clark,culture_apothecary_with_alex_clark,https://anchor.fm/s/fabf41b8/podcast/rss,0
4800314,Cut the Bull,cut_the_bull,https://feeds.buzzsprout.com/1759989.rss,0
667712,Dark To Light with Frank & Beanz,dark_to_light_with_frank_beanz,https://radioinfluence.com/category/dark-to-light/feed/,0
965940,David Gornoski,david_gornoski,https://davidgornoski.libsyn.com/rss,0
1120419,Dead Men Walking Podcast,dead_men_walking_podcast,https://feeds.buzzsprout.com/958282.rss,0
820984,Dear America Podcast,dear_america_podcast,https://rss.libsyn.com/shows/591410/destinations/5137640.xml,0
2073379,Decouple,decouple,https://anchor.fm/s/23775178/podcast/rss,0
1369856,Diamond & Silk: The Podcast,diamond_silk_the_podcast,https://www.omnycontent.com/d/playlist/b13104f4-330a-4970-935b-abfe01553b93/b69f86a6-0372-41eb-8954-abfe016d46a5/c772497f-1910-46ba-8b90-abfe016f88de/podcast.rss,0
1794183,Disaffected,disaffected,https://www.omnycontent.com/d/playlist/f2df6394-2071-4272-aa0e-acfe0038b686/6960f124-9e8a-4716-a88c-acfe00399fd7/dac9912d-da7b-4e69-a48e-acfe00399ff3/podcast.rss,0
4660171,Don't @ Me with Dan Dakich,don_t_me_with_dan_dakich,https://feeds.megaphone.fm/FOXM5682704106,0
4016514,Doomer Optimism,doomer_optimism,https://anchor.fm/s/68308b7c/podcast/rss,0
4788369,Double Jeopardy - UK Law and Politics,double_jeopardy_uk_law_and_politics,https://feeds.megaphone.fm/TPGL6875682685,0
3576365,FADE TO BLACK with Jimmy Church,fade_to_black_with_jimmy_church,https://www.spreaker.com/show/1302044/episodes/feed,0
220548,"FLF, LLC",flf_llc,https://app.dropwave.io/feed/account/64cb6318-903f-4389-a085-55cdd57b93a9,0
3953447,Fearless with Jason Whitlock,fearless_with_jason_whitlock,https://feeds.megaphone.fm/fearlesswithjasonwhitlock,0
5123644,Fire at Will,fire_at_will,https://feeds.zencastr.com/f/FkVGAG3I.rss,0
809333,Fireside Chat with Dennis Prager,fireside_chat_with_dennis_prager,https://feeds.megaphone.fm/PRAGERU8905233727,0
32149,First Things Podcast,first_things_podcast,https://feeds.simplecast.com/mAAlblt7,0
1583154,Flyover Conservatives,flyover_conservatives,https://anchor.fm/s/10d4e1cdc/podcast/rss,0
2009215,Flyover Country with Scott Jennings,flyover_country_with_scott_jennings,https://feed.podbean.com/scottjenningsky/feed.xml,0
5430938,Gaines for Girls with Riley Gaines,gaines_for_girls_with_riley_gaines,https://feeds.megaphone.fm/FOXM9334079337,0
1566417,Gender: A Wider Lens,gender_a_wider_lens,https://api.substack.com/feed/podcast/2180135.rss,0
1989007,Getting Hammered,getting_hammered,https://feeds.megaphone.fm/getting-hammered,0
192603,Godspeak Calvary Chapel,godspeak_calvary_chapel,https://rss.buzzsprout.com/6238.rss,0
723292,Gold Goats 'n Guns Podcast,gold_goats_n_guns_podcast,https://www.spreaker.com/show/3131277/episodes/feed,0
537281,Good Morning Orlando,good_morning_orlando,https://www.omnycontent.com/d/playlist/98a2599f-cd9b-4f2a-9be4-b22c00e585f2/813c84af-9ae9-43df-af35-b3f40111ad2f/90c86f1d-958f-4fe4-9bad-b3f40111ad38/podcast.rss,0
538241,Gutfeld! Monologues,gutfeld_monologues,https://feeds.megaphone.fm/FOXM5568185733,0
672275,Guy Benson Show,guy_benson_show,https://feeds.megaphone.fm/FOXM5038087669,0
545336,Hammer + Nigel Show Podcast,hammer_nigel_show_podcast,https://www.omnycontent.com/d/playlist/78a347aa-3282-4ac5-837c-a72300032082/831b19ec-50fc-4d91-9a43-af2c0136fa89/c29c3495-0eb1-40c1-869d-af2c0136fa93/podcast.rss,0
530187,Hank Unplugged: Essential Christian Conversations,hank_unplugged_essential_christian_conversations,https://www.spreaker.com/show/2495041/episodes/feed,0
2478608,Heterodorx,heterodorx,https://api.substack.com/feed/podcast/3588957.rss,0
5169935,Hillsdale College Podcast Network Superfeed,hillsdale_college_podcast_network_superfeed,https://www.omnycontent.com/d/playlist/0c7e618e-d306-498b-89ea-af55014957fe/e917b144-9f7d-40c4-a719-af5c0186b659/d07439d3-1acd-439f-9a9d-afb9015effb4/podcast.rss,0
31299,Hillsdale Dialogues,hillsdale_dialogues,https://www.omnycontent.com/d/playlist/0c7e618e-d306-498b-89ea-af55014957fe/e917b144-9f7d-40c4-a719-af5c0186b659/2fccf2f2-071e-4379-afac-af5c0186b66c/podcast.rss,0
220503,Hollywood in Toto with Christian Toto,hollywood_in_toto_with_christian_toto,https://www.spreaker.com/show/2043179/episodes/feed,0
99021,Holy Scriptures and Israel on Oneplace.com,holy_scriptures_and_israel_on_oneplace_com,https://www.oneplace.com/ministries/the-holy-scriptures-and-israel/subscribe/podcast.xml,0
52124,Honey Badger Radio,honey_badger_radio,https://www.spreaker.com/show/4148711/episodes/feed,0
577592,Huckabee,huckabee,https://feeds.megaphone.fm/MTCLLC4805513315,0
1979025,Human Events Daily with Jack Posobiec,human_events_daily_with_jack_posobiec,https://feeds.buzzsprout.com/1850247.rss,0
2358,Hunt Talk Radio,hunt_talk_radio,https://feeds.megaphone.fm/hunttalkradio,0
538642,IEA Podcast,iea_podcast,https://api.substack.com/feed/podcast/2659703/s/128254.rss,0
43281,In The Tank,in_the_tank,https://feeds.transistor.fm/in-the-tank,0
1972303,Informed Dissent,informed_dissent,https://feeds.blubrry.com/feeds/3946217.xml,0
1675352,Jason in the House,jason_in_the_house,https://feeds.megaphone.fm/FOXM9334533161,0
924388,Jerm Warfare,jerm_warfare,https://media.rss.com/jerm-warfare-2025/feed.xml,0
537221,Jon Justice on Twin Cities News Talk,jon_justice_on_twin_cities_news_talk,https://www.omnycontent.com/d/playlist/98a2599f-cd9b-4f2a-9be4-b22c00e585f2/47b37bed-7a8f-4bd9-b615-b3680109d273/389b9ac2-9c36-4959-af3c-b3680109d27b/podcast.rss,0
5100092,Julie Bindel's podcasts and writing,julie_bindel_s_podcasts_and_writing,https://api.substack.com/feed/podcast/886413.rss,0
994566,Just Listen to Yourself with Kira Davis,just_listen_to_yourself_with_kira_davis,https://www.spreaker.com/show/3647976/episodes/feed,0
600181,Just Thinking Podcast,just_thinking_podcast,https://anchor.fm/s/3463c2f0/podcast/rss,0
588296,Kate Dalley Radio,kate_dalley_radio,https://feeds.soundcloud.com/users/soundcloud:users:242339988/sounds.rss,0
508981,LSE IQ podcast,lse_iq_podcast,https://www.lse.ac.uk/assets/richmedia/webFeeds/lseiqpodcast_iTunesStore.xml,0
518775,Land Line Now,land_line_now,https://feeds.captivate.fm/land-line-now/,0
1037750,Last Orders - a spiked podcast,last_orders_a_spiked_podcast,https://audioboom.com/channels/5021009.rss,0
4234608,Lean Out with Tara Henley,lean_out_with_tara_henley,https://rss.buzzsprout.com/1922496.rss,0
35278,Louder with Crowder,louder_with_crowder,https://rss.libsyn.com/shows/576250/destinations/4990850.xml,0
155323,Love and Radio,love_and_radio,https://feeds.megaphone.fm/QCD1749110814,0
5094174,Maiden Mother Matriarch with Louise Perry,maiden_mother_matriarch_with_louise_perry,https://feeds.acast.com/public/shows/692d66fb9b21443f851785bb,0
4010694,Man in America Podcast,man_in_america_podcast,https://www.omnycontent.com/d/playlist/5e27a451-e6e6-4c51-aa03-a7370003783c/2289d389-e3a8-4508-b678-b0c200ff2ea2/f27c0caa-ed59-4b69-a3b3-b0c200ff5baf/podcast.rss,0
68248,Mark Levin Podcast,mark_levin_podcast,https://feeds.megaphone.fm/mark-levin-podcast,0
515049,Matters of Policy & Politics,matters_of_policy_politics,https://feed.podbean.com/area45/feed.xml,0
996140,Mike Gallagher Podcast,mike_gallagher_podcast,https://www.omnycontent.com/d/playlist/5e27a451-e6e6-4c51-aa03-a7370003783c/51549780-4863-4a7a-aeb0-a8400005dbf2/9040ddac-7b82-4fd3-9edc-a8400005dbf2/podcast.rss,0
589460,Minion Death Cult,minion_death_cult,https://rss.libsyn.com/shows/110181/destinations/604408.xml,0
5872558,Modern Wisdom,modern_wisdom,https://feeds.megaphone.fm/SIXMSB5088139739,0
2164718,Moment of Truth,moment_of_truth,https://feeds.acast.com/public/shows/moment-of-truth,0
770287,Monero Talk,monero_talk,https://feeds.fireside.fm/monerotalk/rss,0
74880,Nerdrotic,nerdrotic,https://nerdrotic.com/category/nerdrotic/feed/,0
817537,New Culture Forum,new_culture_forum,https://anchor.fm/s/1073f3a4c/podcast/rss,0
756347,NewsBusters Podcast,newsbusters_podcast,https://mrctv.podomatic.com/rss2.xml,0
800147,Newt's World,newt_s_world,https://www.omnycontent.com/d/playlist/e73c998e-6e60-432f-8610-ae210140c5b1/0b197502-72fe-4046-b7b3-ae27016ec147/8b19f8a8-4942-4dd1-b38d-ae27016ec151/podcast.rss,0
78136,O'Connor & Company,o_connor_company,https://www.omnycontent.com/d/playlist/a7b0bd27-d748-4fbe-ab3b-a6fa0049bcf6/a2f9646a-263b-4aad-a5a5-a8a9016ba49d/8fc71b5b-1c51-4688-b9d5-a8a9016c3593/podcast.rss,0
422571,Other Life,other_life,https://feeds.transistor.fm/other-life,0
3602732,OutKick Hot Mic,outkick_hot_mic,https://feeds.megaphone.fm/FOXM6164907700,0
1468273,Outsiders,outsiders,https://www.omnycontent.com/d/playlist/2fb3740d-3436-44af-8cc0-a91900716aa5/0843191f-eb47-4690-816b-ac2a005249ec/b4b95086-3d6c-4c73-b427-ac2a005249ee/podcast.rss,0
1389363,PBD Podcast,pbd_podcast,https://anchor.fm/s/2fa50a94/podcast/rss,0
564313,Philosophy Talk Starters,philosophy_talk_starters,https://publicfeeds.net/f/12864/feed-rss.xml,0
715396,Plenary Session - inactive due to federal service,plenary_session_inactive_due_to_federal_service,https://feeds.soundcloud.com/users/soundcloud:users:491108532/sounds.rss,0
40704,Power Line,power_line,https://www.spreaker.com/show/5816484/episodes/feed,0
422636,PragerU 5-Minute Videos,prageru_5_minute_videos,https://feeds.megaphone.fm/PRAGERU3989592970,0
722003,Preston Scott Show,preston_scott_show,https://www.spreaker.com/show/2529340/episodes/feed,0
596544,Problematic Women,problematic_women,https://feeds.megaphone.fm/problematicwomen,0
1579759,Pushback with Aaron Mate,pushback_with_aaron_mate,https://feeds.soundcloud.com/users/soundcloud:users:5776439/sounds.rss,0
840019,Quillette Narrated,quillette_narrated,https://feeds.megaphone.fm/QLTUL6280047915,0
1100481,Rare Candy,rare_candy,https://anchor.fm/s/1049c6ea4/podcast/rss,0
1575787,Real America with Dan Ball,real_america_with_dan_ball,https://www.spreaker.com/show/4717841/episodes/feed,0
782721,Real Talk with Zuby,real_talk_with_zuby,https://feeds.redcircle.com/2e1ab2c4-235d-4fd1-830c-274415ff16d6,0
1178532,RealClearPolitics Podcast,realclearpolitics_podcast,https://feeds.simplecast.com/pzzjlbXr,0
73193,Reasonable Doubt,reasonable_doubt,https://rss.art19.com/reasonable-doubt,0
1136924,Rebel News Podcast,rebel_news_podcast,https://feeds.fireside.fm/rebelnews/rss,0
3644939,Red Dragon Menacing - Communism Exposed(Audio),red_dragon_menacing_communism_exposed_audio,http://mp3mp4pdf.net/communismexposedmp3.xml,0
743909,Red Pilled America,red_pilled_america,https://www.omnycontent.com/d/playlist/e73c998e-6e60-432f-8610-ae210140c5b1/949d6463-3327-4b09-8f06-ae27017c486f/b05493b7-a576-49e6-a675-ae27017c4882/podcast.rss,0
649594,Red Scare,red_scare,https://rss.libsyn.com/shows/122643/destinations/721686.xml,0
641234,Relatable with Allie Beth Stuckey,relatable_with_allie_beth_stuckey,https://feeds.megaphone.fm/BMDC9964487814,0
494961,Renegade Talk Radio,renegade_talk_radio,https://renegadetalk.podomatic.com/rss2.xml,0
5058984,Rich Valdés America At Night,rich_vald_s_america_at_night,https://rss.pdrl.fm/1345aa/feeds.megaphone.fm/WWO1622483320,0
4820365,Robinson's Podcast,robinson_s_podcast,https://anchor.fm/s/a8f55520/podcast/rss,0
1512791,Ruthless Podcast,ruthless_podcast,https://feeds.megaphone.fm/FOXM5875505224,0
214231,SBS Hebrew,sbs_hebrew,https://sbs-ondemand.streamguys1.com/sbs-hebrew/,0
1585284,SGT Report’s The Propaganda Antidote,sgt_report_s_the_propaganda_antidote,https://back.studeo.fm/podcasts/FY21PQPUNLZENYAUXFOJ.xml,0
706343,Sara Gonzales Unfiltered,sara_gonzales_unfiltered,https://feeds.megaphone.fm/BMDC4910881808,0
597939,Science History Podcast,science_history_podcast,https://sciencehistory.libsyn.com/rss,0
dd_17,Scott Adams Show,scott_adams_show,https://3edgeam.com/feed/podcast/,0
36643,Sekulow,sekulow,https://feeds.libsyn.com/402383/rss,0
803163,Shaun Newman Podcast,shaun_newman_podcast,https://anchor.fm/s/935aecc/podcast/rss,0
978834,Shawn Ryan Show,shawn_ryan_show,https://rss.pdrl.fm/55dc8e/feeds.megaphone.fm/WWO7410387571,0
194186,Sid & Friends In The Morning,sid_friends_in_the_morning,https://feeds.megaphone.fm/WABC8794454163,0
1973096,Southlake,southlake,https://podcastfeeds.nbcnews.com/5eE3p4Rg,0
4950896,Speak Freely Podcast with Patrick Howley,speak_freely_podcast_with_patrick_howley,https://feeds.acast.com/public/shows/6824fe5315d5c17e058b4b06,0
580513,State of the Markets,state_of_the_markets,https://anchor.fm/s/c95b184/podcast/rss,0
35285,Steve Deace Show,steve_deace_show,https://feeds.megaphone.fm/BMDC3578899879,0
4916681,Stinchfield with Grant Stinchfield,stinchfield_with_grant_stinchfield,https://www.omnycontent.com/d/playlist/2537055c-d489-44ca-97e0-b0ff015d1218/43381a03-d93d-4979-9bbb-b1080166e338/d91e5902-e21e-4fba-a88c-b1080166e36c/podcast.rss,0
30248,THE SAVAGE NATION,the_savage_nation,https://feeds.libsyn.com/543657/rss,0
664691,TRIGGERnometry,triggernometry,https://feeds.megaphone.fm/AALT9618167458,0
139124,"Teach Me, Teacher",teach_me_teacher,https://feeds.libsyn.com/418058/rss,0
126074,That KEVIN Show,that_kevin_show,https://feeds.soundcloud.com/users/soundcloud:users:54981291/sounds.rss,0
1444887,The Aaron Renn Show,the_aaron_renn_show,https://rss.buzzsprout.com/1330924.rss,0
1013117,The Alisa Childers Podcast,the_alisa_childers_podcast,https://feeds.blubrry.com/feeds/the_alisa_childers.xml,0
1137108,The American Mind Podcast,the_american_mind_podcast,https://api.substack.com/feed/podcast/5686016/s/250764.rss,0
1198425,The Anchormen Show with Matt Gaetz,the_anchormen_show_with_matt_gaetz,https://anchor.fm/s/ea4136c/podcast/rss,0
25962,The Andrew Klavan Show,the_andrew_klavan_show,https://feeds.megaphone.fm/BVDWV4977994734,0
2059217,The Atlas Society Presents - Objectively Speaking,the_atlas_society_presents_objectively_speaking,https://feeds.castos.com/90066,0
5024005,The Auron MacIntyre Show,the_auron_macintyre_show,https://feeds.megaphone.fm/auron,0
877071,The Babylon Bee,the_babylon_bee,https://rss.libsyn.com/shows/186422/destinations/1283171.xml,0
680062,The Ben Ferguson Podcast,the_ben_ferguson_podcast,https://www.omnycontent.com/d/playlist/e73c998e-6e60-432f-8610-ae210140c5b1/34373f93-08ba-4c30-96b3-ae320005baba/0b88ad87-5e11-4f86-bd28-ae320005badb/podcast.rss,0
25961,The Ben Shapiro Show,the_ben_shapiro_show,https://feeds.megaphone.fm/BVDWV5370667266,0
1975905,The Benny Show,the_benny_show,https://feeds.megaphone.fm/bennymed7549931483,1
1611528,The Big Ben Show,the_big_ben_show,https://feeds.megaphone.fm/FOXM4930787114,0
244820,The Bill Bennett Show,the_bill_bennett_show,https://feeds.megaphone.fm/bill-bennett-show,0
1037755,The Brendan O'Neill Show,the_brendan_o_neill_show,https://audioboom.com/channels/5021008.rss,0
1178544,The Brett Winterble Show,the_brett_winterble_show,https://www.omnycontent.com/d/playlist/78a347aa-3282-4ac5-837c-a72300032082/f3620997-67de-4740-b8e6-ac7a013afe80/1d74c902-a871-4564-9d68-ac7a013afe93/podcast.rss,0
136574,The Brian Craig Show,the_brian_craig_show,https://rss.libsyn.com/shows/84152/destinations/398447.xml,0
243813,The Buck Sexton Show,the_buck_sexton_show,https://www.omnycontent.com/d/playlist/e73c998e-6e60-432f-8610-ae210140c5b1/3dae0b07-aac0-4154-8c1e-ae2b00350f94/961e484b-1dff-48ef-8bdd-ae2b00350fab/podcast.rss,0
990905,The Candice Malcolm Show Podcast,the_candice_malcolm_show_podcast,https://feeds.megaphone.fm/tncpp4487550216,0
4257879,The Carl Jackson Podcast,the_carl_jackson_podcast,https://www.omnycontent.com/d/playlist/5e27a451-e6e6-4c51-aa03-a7370003783c/f83d9643-126d-4f03-bc7d-ae240172a389/01f6174d-4d2d-4b32-b7c8-ae240172d590/podcast.rss,0
606155,The Catholic Current,the_catholic_current,https://feed.podbean.com/thecatholiccurrent/feed.xml,0
4902278,The Charles C. W. Cooke Podcast,the_charles_c_w_cooke_podcast,https://feeds.simplecast.com/qxAw7LNr,0
845470,The Charlie Kirk Show,the_charlie_kirk_show,https://www.omnycontent.com/d/playlist/5e27a451-e6e6-4c51-aa03-a7370003783c/c865b590-c84f-4f7e-a43e-ac64014b61d9/8978e846-cacd-4d65-b085-ac64014cd49f/podcast.rss,0
77329,The Chris Plante Show,the_chris_plante_show,https://rss.pdrl.fm/7fd02b/feeds.megaphone.fm/WWO6859523866,0
1030596,The Clay Travis and Buck Sexton Show,the_clay_travis_and_buck_sexton_show,https://www.omnycontent.com/d/playlist/e73c998e-6e60-432f-8610-ae210140c5b1/57c236de-aec0-46c1-b141-ae3c00026d77/1776c4cc-50a1-410f-a2de-ae3c00026dfa/podcast.rss,0
834,The Cold-Case Christianity Podcast,the_cold_case_christianity_podcast,https://pleaseconvinceme.libsyn.com/rss,0
148001,The Commentary Magazine Podcast,the_commentary_magazine_podcast,https://feeds.megaphone.fm/GEMINIMEDIA2783214431,0
3986501,The Conservative Circus w/ James T. Harris,the_conservative_circus_w_james_t_harris,https://post.futurimedia.com/kfyiam/playlist/rss/37.xml,0
1193387,The Counter Culture Mom Show with Tina Griffin,the_counter_culture_mom_show_with_tina_griffin,https://feeds.simplecast.com/L9hWueg9,0
5141913,The Culture War Podcast with Tim Pool,the_culture_war_podcast_with_tim_pool,https://rss.libsyn.com/shows/552267/destinations/4768057.xml,1
5091604,The Current Thing,the_current_thing,https://feed.podbean.com/currentthingpod/feed.xml,0
1137215,The Daily Signal,the_daily_signal,https://feeds.megaphone.fm/thedailysignal,0
4285688,The Dan Astin-Gregory Podcast,the_dan_astin_gregory_podcast,https://anchor.fm/s/90403d4c/podcast/rss,0
dd_3,The Dana Show with Dana Loesch,the_dana_show_with_dana_loesch,https://www.spreaker.com/show/3055088/episodes/feed,0
907448,The David McWilliams Podcast,the_david_mcwilliams_podcast,https://access.acast.com/rss/20b97d01-ba9b-5fb0-9acf-161391a88cb0/,0
788393,The Delingpod: The James Delingpole Podcast,the_delingpod_the_james_delingpole_podcast,https://feed.podbean.com/delingpole/feed.xml,0
2077912,The DemystifySci Podcast,the_demystifysci_podcast,https://anchor.fm/s/2be66934/podcast/rss,0
909938,The Derek Hunter Podcast,the_derek_hunter_podcast,https://feeds.soundcloud.com/users/soundcloud:users:434203473/sounds.rss,0
1441969,The Dershow,the_dershow,https://feed.cdnstream1.com/zjb/feed/download/b3/f8/62/b3f8626a-1422-43f6-b2c4-4ffc5d982c97.xml,0
1577501,The Dinesh D'Souza Podcast,the_dinesh_d_souza_podcast,https://www.omnycontent.com/d/playlist/5e27a451-e6e6-4c51-aa03-a7370003783c/8140ce7a-48ff-4157-a3ad-aca60104c53d/8e74224c-8a56-4865-89dd-aca601056624/podcast.rss,0
2282047,The Dissenter,the_dissenter,https://anchor.fm/s/822ba20/podcast/rss,0
779083,The Dog Walk,the_dog_walk,https://mcsorleys.barstoolsports.com/feed/chicago-dog-walk,0
4934621,The Dr. Sky Experience,the_dr_sky_experience,https://feeds.megaphone.fm/WABC2028974256,0
112955,The Eric Metaxas Show,the_eric_metaxas_show,https://anchor.fm/s/10ac80414/podcast/rss,0
2254711,The Gaggle: An Arizona politics podcast,the_gaggle_an_arizona_politics_podcast,https://feeds.megaphone.fm/AZUSA7360410720,0
1198056,The Gary DeMar Podcast,the_gary_demar_podcast,https://rss.libsyn.com/shows/248258/destinations/1867313.xml,0
1972068,The Genius of Thomas Sowell,the_genius_of_thomas_sowell,https://rss.buzzsprout.com/1826734.rss,0
1136629,The Gerry Callahan Show,the_gerry_callahan_show,https://feeds.megaphone.fm/NMAX7433727927,0
990395,The Glenn Beck Podcast,the_glenn_beck_podcast,https://feeds.megaphone.fm/BMDC3650779295,0
4257005,The Grayzone podcast with Max Blumenthal,the_grayzone_podcast_with_max_blumenthal,https://anchor.fm/s/82a56a90/podcast/rss,0
4008853,The Great America Show,the_great_america_show,https://rss.art19.com/the-lou-dobbs-show,0
1345108,The Gregg Jarrett Show,the_gregg_jarrett_show,https://feeds.megaphone.fm/SHDI2238819318,0
192890,The Hamilton Corner,the_hamilton_corner,https://afr.net/api/v2/podcast/podcastsbyshowurlrss/?url=the-hamilton-corner,0
64889,The Health Ranger Report,the_health_ranger_report,https://healthrangerreport.com/rss,0
28127,The Heidi St. John Podcast,the_heidi_st_john_podcast,https://anchor.fm/s/26873e3c/podcast/rss/,0
1033166,The Howie Carr Radio Network,the_howie_carr_radio_network,https://feeds.simplecast.com/M4QPq2Af,0
5079360,The Independent with Scott Atlas,the_independent_with_scott_atlas,https://feeds.castos.com/73od6,0
225382,The Israel Guys,the_israel_guys,https://joshuaandcaleb.libsyn.com/rss,0
4798221,The Janice Dean Podcast,the_janice_dean_podcast,https://feeds.megaphone.fm/FOXM7840987411,0
965389,The Jesse Kelly Show,the_jesse_kelly_show,https://www.omnycontent.com/d/playlist/e73c998e-6e60-432f-8610-ae210140c5b1/723a5526-8c62-4255-8c8b-ae2c007cfcc1/f2551c6e-95ed-4d33-9cfb-ae2c007cfcf9/podcast.rss,0
3752754,The John Fredericks Show,the_john_fredericks_show,https://rss.libsyn.com/shows/320756/destinations/2597720.xml,0
533181,The John Kobylt Show,the_john_kobylt_show,https://www.omnycontent.com/d/playlist/e73c998e-6e60-432f-8610-ae210140c5b1/600b5c07-3919-414b-837f-afbe001cb8e4/16b4b805-5019-4f40-a3b8-afbe001cb90a/podcast.rss,0
5178068,The John Lovell Podcast,the_john_lovell_podcast,https://feed.podbean.com/thejohnlovellshow/feed.xml,0
216444,The John Phillips Show,the_john_phillips_show,https://www.omnycontent.com/d/playlist/a7b0bd27-d748-4fbe-ab3b-a6fa0049bcf6/0076a807-9574-43be-bae7-a8a2014f87a8/48e64230-43b5-49cc-a7e6-a9cf0008ea47/podcast.rss,0
225906,The Jordan B. Peterson Podcast,the_jordan_b_peterson_podcast,https://ipfspodcasting.net/RSS/142/TheJordanBPetersonPodcast.xml,0
4239681,The Josh Hammer Show,the_josh_hammer_show,https://www.omnycontent.com/d/playlist/5e27a451-e6e6-4c51-aa03-a7370003783c/46d3c2ec-b4ea-435f-bbfe-b36e00f84123/7eb0bff9-6982-4e16-8f56-b36e00f84517/podcast.rss,0
1575626,The Judge Jeanine Tunnel To Towers Foundation Show With Joe Concha,the_judge_jeanine_tunnel_to_towers_foundation_show_with_joe_concha,https://feeds.megaphone.fm/WABC2739405564,0
4251387,The Kevin Roberts Show,the_kevin_roberts_show,https://anchor.fm/s/fa431e08/podcast/rss,0
991849,The Lance Wallnau Show,the_lance_wallnau_show,https://lancewallnaushow.libsyn.com/rss,0
3892925,The Liz Wheeler Show,the_liz_wheeler_show,https://feeds.megaphone.fm/lizwheelershow,0
58288,The Loftus Party,the_loftus_party,https://rss.art19.com/the-loftus-party,0
533160,The Mandy Connell Podcast,the_mandy_connell_podcast,https://www.omnycontent.com/d/playlist/98a2599f-cd9b-4f2a-9be4-b22c00e585f2/19621599-41c8-4644-a332-b3ec01744247/aee27b7d-e7b8-45f5-bb56-b3ec01744252/podcast.rss,0
1136792,The Marc Cox Morning Show,the_marc_cox_morning_show,https://rss.amperwave.net/v2/feed/audacy/84ac6848c68480919b7447691855739,0
2533268,The Mark Driscoll Podcast,the_mark_driscoll_podcast,https://anchor.fm/s/10e5a085c/podcast/rss,0
652620,The Matt Walsh Show,the_matt_walsh_show,https://feeds.simplecast.com/pp_b9xO6,0
2178629,The Mel K Show,the_mel_k_show,https://feed.podbean.com/TheMelKShow/feed.xml,0
541277,The Michael Knowles Show,the_michael_knowles_show,https://feeds.megaphone.fm/BVDWV5810064903,0
2282279,The Michael Medved Show,the_michael_medved_show,https://feeds.megaphone.fm/NMEOI9029471390,0
4724474,The Michele Tafoya Podcast,the_michele_tafoya_podcast,https://www.omnycontent.com/d/playlist/5e27a451-e6e6-4c51-aa03-a7370003783c/1682fd36-cf1a-43df-9797-ae990114154a/2e3f370f-a1a6-474f-a6d1-ae9901144bd5/podcast.rss,0
971837,The Munk Debates Podcast,the_munk_debates_podcast,https://www.omnycontent.com/d/playlist/4809bc8a-e41a-405c-93da-a8cf011df2f4/f4c20113-e8b0-4a61-88fc-aafb0100639f/b89b4c6a-cc72-43f2-a35c-aafb0102f899/podcast.rss,0
1357573,The New Thinkery,the_new_thinkery,https://thenewthinkery.libsyn.com/rss,0
1794612,The Other Side of Midnight with Lionel,the_other_side_of_midnight_with_lionel,https://feeds.megaphone.fm/WABC3506349040,0
202122,The Pete Kaliner Show,the_pete_kaliner_show,https://www.omnycontent.com/d/playlist/6e91a727-802c-4f26-9b6b-ae1f016f119e/c3169d04-2727-48f7-b3e3-ae1f01707f1c/f02939ca-8cff-4935-a5ce-ae1f01707f38/podcast.rss,0
1575616,The Podcast of the Lotus Eaters,the_podcast_of_the_lotus_eaters,https://feeds.soundcloud.com/users/soundcloud:users:896213575/sounds.rss,0
1108040,The Radio Free Hillsdale Hour,the_radio_free_hillsdale_hour,https://www.omnycontent.com/d/playlist/0c7e618e-d306-498b-89ea-af55014957fe/c846b5d6-dbda-4db3-80c3-af5700e2f321/26b8df01-5a52-4102-bb8e-af5700e2f33d/podcast.rss,0
4295935,The Re-Education with Eli Lake,the_re_education_with_eli_lake,https://anchor.fm/s/10a8e7a00/podcast/rss,0
68646,The Rich Zeoli Show,the_rich_zeoli_show,https://rss.amperwave.net/v2/feed/audacy/4ab9413688bc8c83ca351fd6dbcc9662,0
1601962,The Right View with Lara Trump,the_right_view_with_lara_trump,https://www.omnycontent.com/d/playlist/5e27a451-e6e6-4c51-aa03-a7370003783c/b3e3a030-8cf0-42c1-8389-b0f10126c215/c094d7e2-3753-45f3-b9b9-b0f1012734c2/podcast.rss,0
3995528,The Rita Cosby Show,the_rita_cosby_show,https://feeds.megaphone.fm/WABC4330028909,0
1779786,The Rob Carson Show,the_rob_carson_show,https://feeds.megaphone.fm/newsmax,0
5350993,The Roseanne Barr Podcast,the_roseanne_barr_podcast,https://feeds.libsyn.com/474519/iheartradio,0
1564,The Rubin Report,the_rubin_report,https://feeds.libsyn.com/576235/rss,1
4266898,The Salcedo Storm Podcast,the_salcedo_storm_podcast,https://www.spreaker.com/show/5459109/episodes/feed,0
1322031,The Same Drugs,the_same_drugs,https://anchor.fm/s/17be2384/podcast/rss,0
84659,The Sean Hannity Show,the_sean_hannity_show,https://www.omnycontent.com/d/playlist/e73c998e-6e60-432f-8610-ae210140c5b1/4a0aa31f-d7ec-4ee3-915f-ae300188d2da/554b2774-1072-4afc-88b3-ae300188d2e8/podcast.rss,0
888796,The Seth Gruber Show,the_seth_gruber_show,https://feed.podbean.com/sethgrubershow/feed.xml,0
1037866,The Sharyl Attkisson Podcast,the_sharyl_attkisson_podcast,https://anchor.fm/s/dab6618/podcast/rss,0
232146,The Shaun Thompson Show,the_shaun_thompson_show,https://www.omnycontent.com/d/playlist/5e27a451-e6e6-4c51-aa03-a7370003783c/c0f6d3eb-1269-4bf3-95ad-a81c00409516/f33e3c8b-cc58-4c3b-bb5f-a81c00409516/podcast.rss,0
2256499,The Steve Gruber Show,the_steve_gruber_show,https://feed.podbean.com/stevegruber/feed.xml,0
5079538,The Steve Hilton Show,the_steve_hilton_show,https://anchor.fm/s/dfa4a300/podcast/rss,0
1794560,The Stew Peters Show,the_stew_peters_show,https://feed.podbean.com/stewpeters/feed.xml,0
1662655,The Symbolic World,the_symbolic_world,https://www.spreaker.com/show/5969183/episodes/feed,0
4661593,The Tammy Peterson Podcast,the_tammy_peterson_podcast,https://feeds.libsyn.com/409622/rss,0
1943922,The Trish Regan Show,the_trish_regan_show,https://www.omnycontent.com/d/playlist/5e27a451-e6e6-4c51-aa03-a7370003783c/d93acfd6-a015-4c06-8697-ad42013d1e7d/37eab22d-e439-45de-9895-ad42013dd283/podcast.rss,0
1663799,The Truth with Lisa Boothe,the_truth_with_lisa_boothe,https://www.omnycontent.com/d/playlist/e73c998e-6e60-432f-8610-ae210140c5b1/5e2422f6-8bae-4b79-b4f2-ae270033a313/447e492f-b000-4355-a275-ae270033a338/podcast.rss,0
5186506,The Tudor Dixon Podcast,the_tudor_dixon_podcast,https://www.omnycontent.com/d/playlist/e73c998e-6e60-432f-8610-ae210140c5b1/e43ef6b8-e6ba-4da8-a234-afb90154eab7/0627664f-b0c5-4d77-b115-afb901556e10/podcast.rss,0
1361763,The Unspeakable Podcast,the_unspeakable_podcast,https://theunspeakablepodcast.libsyn.com/rss,0
199084,The Vince Coglianese Show,the_vince_coglianese_show,https://www.omnycontent.com/d/playlist/a7b0bd27-d748-4fbe-ab3b-a6fa0049bcf6/71851499-b202-4546-b245-a8a800dc9ae2/6f9106f9-060b-4513-8a45-a8a800dd35a5/podcast.rss,0
567634,The Walled Garden,the_walled_garden,https://www.spreaker.com/show/5910819/episodes/feed,0
1358142,The Walton & Johnson Show,the_walton_johnson_show,https://www.spreaker.com/user/8020328/episodes/feed,0
940229,The spiked podcast,the_spiked_podcast,https://audioboom.com/channels/5021007.rss,0
579333,Think Biblically: Conversations on Faith & Culture,think_biblically_conversations_on_faith_culture,https://rss.buzzsprout.com/1987617.rss,0
646158,Tim Pool Daily News,tim_pool_daily_news,https://rss.libsyn.com/shows/574455/destinations/4973885.xml,1
1095972,Timcast IRL,timcast_irl,https://rss.libsyn.com/shows/574450/destinations/4973860.xml,1
604598,Titans Of Nuclear | Interviewing World Experts on Nuclear Energy,titans_of_nuclear_interviewing_world_experts_on_nuclear_energy,https://rss.libsyn.com/shows/107828/destinations/585143.xml,0
989624,ToddCast Podcast with Todd Starnes,toddcast_podcast_with_todd_starnes,https://www.omnycontent.com/d/playlist/5e27a451-e6e6-4c51-aa03-a7370003783c/ec639eda-812c-4db1-85c8-acfd010f9fef/8ad647d4-920f-4473-92b7-acfd010f9ffd/podcast.rss,0
4813845,Tom Nelson,tom_nelson,https://anchor.fm/s/a3dbda00/podcast/rss,0
1527148,Tom Shattuck's Burn Barrel,tom_shattuck_s_burn_barrel,https://feeds.acast.com/public/shows/638bcb06fcf6a50011448b8f,0
2062313,Tommy's PodCast,tommy_s_podcast,https://www.spreaker.com/show/5932796/episodes/feed,0
523006,Tony Katz + The Morning News,tony_katz_the_morning_news,https://www.omnycontent.com/d/playlist/78a347aa-3282-4ac5-837c-a72300032082/5481cb6f-86f5-4217-9327-af2c0136fb49/8ab6b27d-39c5-4a85-950c-af33014eacf5/podcast.rss,0
711069,Triggered,triggered,https://townhall.com/feed/v1/podcast/triggered,0
5090191,Triggered With Don Jr.,triggered_with_don_jr,https://rss.libsyn.com/shows/576245/destinations/4990825.xml,0
1363959,Trish Wood is Critical,trish_wood_is_critical,https://rss.libsyn.com/shows/268037/destinations/2041457.xml,0
58332,Trumpet Daily,trumpet_daily,https://kpcg.fm/shows/trumpet-daily.rss,0
3988082,"Truth Over Tribe: Christian Takes on Culture, News & Politics",truth_over_tribe_christian_takes_on_culture_news_politics,https://feeds.megaphone.fm/EPC4280549251,0
1441825,Turley Talks,turley_talks,https://feeds.redcircle.com/398af741-69a4-42bb-b617-daf80710ee91/,0
1137047,Untamed Nation,untamed_nation,https://anchor.fm/s/1063f535c/podcast/rss,0
871747,Up is Down Podcast,up_is_down_podcast,https://www.spreaker.com/show/3564656/episodes/feed,0
796094,Valley 101,valley_101,https://feeds.megaphone.fm/valley101,0
993470,Verdict with Ted Cruz,verdict_with_ted_cruz,https://www.omnycontent.com/d/playlist/e73c998e-6e60-432f-8610-ae210140c5b1/2bee9419-43de-46ce-8996-af2a01167517/84cf551f-a33b-41d8-b112-af2a01167541/podcast.rss,0
199737,Voice Of The Working Man Podcast,voice_of_the_working_man_podcast,https://www.spreaker.com/show/1596226/episodes/feed,0
4251617,WSJ Opinion: Free Expression,wsj_opinion_free_expression,https://video-api.wsj.com/podcast/rss/wsj/opinion-free-expression,0
732018,Walk-Ins Welcome with Bridget Phetasy,walk_ins_welcome_with_bridget_phetasy,https://rss.buzzsprout.com/2433291.rss,0
1456927,Wayne Allyn Root’s WAR Zone (Audio),wayne_allyn_root_s_war_zone_audio,https://www.spreaker.com/show/2260167/episodes/feed,0
1801664,Will Cain Country,will_cain_country,https://feeds.megaphone.fm/FOXM3493988099,0
4680776,Yasmine Mohammed Podcast,yasmine_mohammed_podcast,https://feeds.buzzsprout.com/1968748.rss,0
4296603,You Must Be Some Kind of Therapist,you_must_be_some_kind_of_therapist,https://feeds.transistor.fm/you-must-be-some-kind-of-therapist,0
5375768,You're The Voice | by Efrat Fenigson,you_re_the_voice_by_efrat_fenigson,https://anchor.fm/s/e3a32134/podcast/rss,0
1214935,Young Heretics,young_heretics,https://rss.libsyn.com/shows/475437/destinations/4034001.xml,0
1316949,heretics.,heretics,https://feeds.megaphone.fm/GLSS2824816450,0
2156765,unDivided with Brandi Kruse,undivided_with_brandi_kruse,https://audioboom.com/channels/5064687.rss,0
